{
  "project_info": {
    "project_number": "519089242965",
    "project_id": "cse216-group4-5f7f5",
    "storage_bucket": "cse216-group4-5f7f5.appspot.com"
  },
  "client": [
    {
      "client_info": {
        "mobilesdk_app_id": "1:519089242965:android:0d8d7ae9420114769de5dc",
        "android_client_info": {
          "package_name": "com.cse216_group4.thebuzz"
        }
      },
      "oauth_client": [
        {
          "client_id": "519089242965-5jlr5i219bbqr1tltlqmd6fc0ue7ro69.apps.googleusercontent.com",
          "client_type": 1,
          "android_info": {
            "package_name": "com.cse216_group4.thebuzz",
            "certificate_hash": "7b9b988924eeec0e2036187923ec91f1a3e014f8"
          }
        },
        {
          "client_id": "519089242965-tbuabt15bvjm05l92fkhc4h583r17vlq.apps.googleusercontent.com",
          "client_type": 3
        }
      ],
      "api_key": [
        {
          "current_key": "AIzaSyCxAg5080A8brUcq5k0MFB7ySPp1N6eIrk"
        }
      ],
      "services": {
        "appinvite_service": {
          "other_platform_oauth_client": [
            {
              "client_id": "519089242965-tbuabt15bvjm05l92fkhc4h583r17vlq.apps.googleusercontent.com",
              "client_type": 3
            }
          ]
        }
      }
    }
  ],
  "configuration_version": "1"
}